"","lon","lat","bio1","bio2","bio3","bio4","bio5","bio6","bio7","bio8","bio9","bio10","bio11","bio12","bio13","bio14","bio15","bio16","bio17","bio18","bio19"
"1",-94.214202,31.092051,18.707052230835,12.5229787826538,40.1767082214355,706.340942382812,33.8662490844727,2.6965000629425,31.1697483062744,22.4138336181641,23.875415802002,27.1028327941895,9.74487495422363,1265,135,77,16.8883228302002,355,266,289,342
"2",-89.334503,43.092724,7.78543758392334,11.6245412826538,27.7208766937256,1092.22021484375,28.2859992980957,-13.6482496261597,41.9342498779297,20.6399993896484,-6.3763747215271,20.6399993896484,-6.3763747215271,827,104,29,38.9576187133789,302,101,302,101
"3",-110.433398,49.00264,4.95947933197021,14.4112501144409,31.9917640686035,1118.28149414062,27.9330005645752,-17.1137504577637,45.0467529296875,15.8464584350586,-1.60162496566772,18.39674949646,-9.26375007629395,329,57,14,48.9334411621094,138,47,123,52
"4",-97.268924,32.750038,18.8480319976807,12.4133129119873,35.5965347290039,816.340087890625,35.8227500915527,0.950500011444092,34.8722496032715,23.0051250457764,8.55283355712891,28.7299156188965,8.55283355712891,854,121,46,31.3088893890381,292,151,191,151
"5",-86.765574,33.309446,16.6003341674805,13.1540412902832,40.5350875854492,746.015686035156,32.5639991760254,0.112999998033047,32.451000213623,8.79383373260498,21.9358329772949,25.5932083129883,7.17558336257935,1461,171,78,20.2018890380859,448,276,342,409
"6",-97.219087,32.665262,18.5168647766113,12.6420621871948,36.3714027404785,806.184814453125,35.4922485351562,0.734000027179718,34.7582473754883,22.5875835418701,9.42916679382324,28.2921257019043,8.37312507629395,860,124,45,32.4614410400391,299,150,190,152
"7",-104.594507,38.853107,7.92606258392334,16.5263328552246,42.2220230102539,832.682739257812,28.4457492828369,-10.6957502365112,39.1414985656738,18.5584583282471,-1.84995830059052,18.5584583282471,-1.84995830059052,412,71,8,66.9998550415039,195,29,195,29
"8",-104.595228,38.84723,7.92606258392334,16.5263328552246,42.2220230102539,832.682739257812,28.4457492828369,-10.6957502365112,39.1414985656738,18.5584583282471,-1.84995830059052,18.5584583282471,-1.84995830059052,412,71,8,66.9998550415039,195,29,195,29
"9",-83.173094,35.34005,11.8170204162598,13.7332077026367,42.0261764526367,727.304138183594,27.9527492523193,-4.72499990463257,32.6777496337891,3.95879173278809,12.5935001373291,20.574125289917,2.64575004577637,1541,161,98,11.7761087417603,428,335,387,399
"10",-81.271716,43.039334,7.57551050186157,9.32331275939941,25.9047470092773,987.257568359375,26.1652507781982,-9.82549953460693,35.9907493591309,9.58074951171875,-4.07020807266235,19.3351669311523,-4.85420846939087,1011,101,64,11.9638156890869,284,216,253,237
"11",-89.334453,43.092799,7.78543758392334,11.6245412826538,27.7208766937256,1092.22021484375,28.2859992980957,-13.6482496261597,41.9342498779297,20.6399993896484,-6.3763747215271,20.6399993896484,-6.3763747215271,827,104,29,38.9576187133789,302,101,302,101
"12",-110.519948,37.959652,12.0134687423706,15.1215209960938,35.8610305786133,978.422058105469,34.5592498779297,-7.60774993896484,42.1669998168945,18.8356666564941,16.6749992370605,24.3112506866455,0.108958400785923,196,24,8,29.5542469024658,69,36,53,38
"13",-82.55231,28.617387,21.5425205230713,12.3578748703003,49.4813652038574,494.898986816406,32.9335975646973,7.9587926864624,24.9748039245605,27.1574802398682,19.2132110595703,27.1574802398682,15.1496067047119,1343,211,58,48.3558349609375,565,197,565,239
"14",-97.219192,32.664841,18.5168647766113,12.6420621871948,36.3714027404785,806.184814453125,35.4922485351562,0.734000027179718,34.7582473754883,22.5875835418701,9.42916679382324,28.2921257019043,8.37312507629395,860,124,45,32.4614410400391,299,150,190,152
"15",-85.219812,36.630703,13.977499961853,12.6791667938232,37.2637176513672,813.389282226562,31.0279998779297,-2.99749994277954,34.0255012512207,21.8117923736572,19.8472499847412,23.8047504425049,3.64649987220764,1336,130,80,13.0078554153442,364,281,340,339
"16",-100.357493,34.11744,16.5513324737549,15.0050411224365,38.8015441894531,874.275024414062,35.6609992980957,-3.01025009155273,38.6712493896484,25.1587924957275,5.61458349227905,27.2330837249756,5.61458349227905,541,81,17,52.0586700439453,204,59,189,59
"17",-100.386113,34.130918,16.5513324737549,15.0050411224365,38.8015441894531,874.275024414062,35.6609992980957,-3.01025009155273,38.6712493896484,25.1587924957275,5.61458349227905,27.2330837249756,5.61458349227905,541,81,17,52.0586700439453,204,59,189,59
"18",-100.344822,34.117861,16.5513324737549,15.0050411224365,38.8015441894531,874.275024414062,35.6609992980957,-3.01025009155273,38.6712493896484,25.1587924957275,5.61458349227905,27.2330837249756,5.61458349227905,541,81,17,52.0586700439453,204,59,189,59
"19",-100.388379,34.130865,16.5513324737549,15.0050411224365,38.8015441894531,874.275024414062,35.6609992980957,-3.01025009155273,38.6712493896484,25.1587924957275,5.61458349227905,27.2330837249756,5.61458349227905,541,81,17,52.0586700439453,204,59,189,59
"20",-78.534531,37.949694,13.1935520172119,12.8191041946411,36.8388900756836,825.580993652344,30.6254997253418,-4.17224979400635,34.7977485656738,21.2671241760254,2.7912917137146,23.2399158477783,2.7912917137146,1157,118,79,13.9068765640259,328,242,317,242
"21",-85.306,35.15455,15.2227916717529,12.7005414962769,37.8144264221191,801.29248046875,31.9104995727539,-1.67599999904633,33.586498260498,6.71020841598511,20.8931674957275,24.9095001220703,5.10041666030884,1444,162,87,16.5445919036865,427,292,325,398
"22",-79.46877,43.641859,8.4883337020874,7.64191627502441,23.5879821777344,896.903869628906,25.3482494354248,-7.04925012588501,32.3974990844727,19.234167098999,-2.08620834350586,19.4518756866455,-2.2223334312439,809,81,48,15.2338809967041,231,156,219,168
"23",-86.269301,34.34949,15.4112815856934,12.7674789428711,38.6503868103027,777.073181152344,31.8402500152588,-1.192999958992,33.0332489013672,7.079749584198,21.0724582672119,24.7854175567627,5.58774995803833,1412,162,80,19.5241718292236,421,276,301,394
"24",-86.697352,33.575981,16.5141143798828,13.2168121337891,40.1147651672363,762.580444335938,32.6752510070801,-0.27224999666214,32.9475021362305,8.51124954223633,21.9759998321533,25.6944999694824,6.8757495880127,1430,166,84,18.4443740844727,427,281,327,385
"25",-87.033869,33.05789,16.7177295684814,13.0278749465942,40.3277359008789,745.501770019531,32.6037483215332,0.298750013113022,32.3049964904785,8.91683292388916,22.0652503967285,25.7077922821045,7.31129169464111,1478,164,80,19.2335453033447,452,277,349,427
"26",-76.012537,39.592354,12.1149492263794,10.6796407699585,30.830099105835,890.574890136719,29.847692489624,-4.79261541366577,34.640308380127,20.6163597106934,1.90205132961273,22.9543075561523,0.994307696819305,1136,108,72,12.0040235519409,323,247,321,249
"27",-91.800278,43.315833,7.43883323669434,11.3135414123535,26.4638061523438,1148.12719726562,27.9462490081787,-14.8047504425049,42.7509994506836,20.7986660003662,-7.62916660308838,20.7986660003662,-7.62916660308838,833,109,21,48.2439804077148,318,77,318,77
"28",-81.271521,43.039384,7.57551050186157,9.32331275939941,25.9047470092773,987.257568359375,26.1652507781982,-9.82549953460693,35.9907493591309,9.58074951171875,-4.07020807266235,19.3351669311523,-4.85420846939087,1011,101,64,11.9638156890869,284,216,253,237
"29",-76.201511,39.669517,11.7332601547241,10.4886875152588,30.2998943328857,896.931457519531,29.3920001983643,-5.22424983978271,34.6162490844727,20.3292922973633,1.42125010490417,22.6174583435059,0.522708356380463,1084,106,68,12.7542743682861,313,231,308,236
"30",-104.886119,38.621488,8.23138523101807,16.0429782867432,42.8850593566895,788.029357910156,28.07200050354,-9.33724975585938,37.4092483520508,18.3608741760254,-0.917666614055634,18.3608741760254,-0.917666614055634,400,70,10,59.8758773803711,180,35,180,35
"31",-93.180455,35.090644,15.7710828781128,13.4652080535889,37.2254981994629,845.643249511719,33.7372512817383,-2.43475008010864,36.1720008850098,15.6764163970947,5.08691644668579,26.0012092590332,5.08691644668579,1219,142,65,21.2698631286621,381,259,265,259
"32",-93.180455,35.090644,15.7710828781128,13.4652080535889,37.2254981994629,845.643249511719,33.7372512817383,-2.43475008010864,36.1720008850098,15.6764163970947,5.08691644668579,26.0012092590332,5.08691644668579,1219,142,65,21.2698631286621,381,259,265,259
"33",-94.721873,33.031793,17.6892509460449,12.8931665420532,38.1465911865234,782.664184570312,34.1650009155273,0.36599999666214,33.798999786377,17.4795837402344,26.628833770752,27.1538753509521,7.83583354949951,1170,123,62,19.5834083557129,354,228,239,271
"34",-89.3499,37.5051,13.4523019790649,11.4801874160767,31.1800632476807,928.481750488281,31.566499710083,-5.25250005722046,36.8190002441406,13.3366250991821,1.41362512111664,24.4922504425049,1.41362512111664,1173,123,72,17.3963260650635,355,254,293,254
"35",-95.980818,36.747311,14.9373435974121,13.1536464691162,33.6034393310547,942.685668945312,33.9857482910156,-5.15799999237061,39.1437492370605,19.8467502593994,2.85916662216187,26.2853336334229,2.85916662216187,1012,123,37,33.4990577697754,339,136,274,136
"36",-84.373566,42.777201,8.43128108978271,10.9735622406006,28.9893665313721,997.504943847656,27.8762493133545,-9.97749996185303,37.8537483215332,19.3982925415039,-4.27470827102661,20.3747081756592,-4.27470827102661,793,89,35,26.3802185058594,242,129,241,129
"37",-84.373566,42.777201,8.43128108978271,10.9735622406006,28.9893665313721,997.504943847656,27.8762493133545,-9.97749996185303,37.8537483215332,19.3982925415039,-4.27470827102661,20.3747081756592,-4.27470827102661,793,89,35,26.3802185058594,242,129,241,129
"38",-84.373566,42.777201,8.43128108978271,10.9735622406006,28.9893665313721,997.504943847656,27.8762493133545,-9.97749996185303,37.8537483215332,19.3982925415039,-4.27470827102661,20.3747081756592,-4.27470827102661,793,89,35,26.3802185058594,242,129,241,129
"39",-84.373566,42.777201,8.43128108978271,10.9735622406006,28.9893665313721,997.504943847656,27.8762493133545,-9.97749996185303,37.8537483215332,19.3982925415039,-4.27470827102661,20.3747081756592,-4.27470827102661,793,89,35,26.3802185058594,242,129,241,129
"40",-84.373566,42.777201,8.43128108978271,10.9735622406006,28.9893665313721,997.504943847656,27.8762493133545,-9.97749996185303,37.8537483215332,19.3982925415039,-4.27470827102661,20.3747081756592,-4.27470827102661,793,89,35,26.3802185058594,242,129,241,129
"41",-106.72836,34.74089,12.8844060897827,18.4875621795654,45.9378242492676,829.506896972656,33.5719985961914,-6.6727499961853,40.2447471618652,22.4383754730225,4.88162469863892,23.1806240081787,2.75095820426941,241,47,10,58.1419868469238,115,34,95,34
"42",-106.38808,35.08088,10.5398855209351,15.7516870498657,42.2969131469727,803.315734863281,30.3902492523193,-6.85050010681152,37.2407493591309,19.8279590606689,14.3629579544067,20.7140827178955,0.979958355426788,426,69,22,44.7827339172363,181,72,160,79
"43",-87.039167,33.057778,16.7177295684814,13.0278749465942,40.3277359008789,745.501770019531,32.6037483215332,0.298750013113022,32.3049964904785,8.91683292388916,22.0652503967285,25.7077922821045,7.31129169464111,1478,164,80,19.2335453033447,452,277,349,427
"44",-80.13,43.53,6.44679164886475,9.51866626739502,25.8865184783936,1000.42681884766,25.3862495422363,-11.3844995498657,36.7707481384277,17.7507915496826,-5.48620796203613,18.369499206543,-6.10166645050049,912,91,55,16.6499195098877,268,174,259,184
"45",-80.13,43.53,6.44679164886475,9.51866626739502,25.8865184783936,1000.42681884766,25.3862495422363,-11.3844995498657,36.7707481384277,17.7507915496826,-5.48620796203613,18.369499206543,-6.10166645050049,912,91,55,16.6499195098877,268,174,259,184
"46",-80.13,43.53,6.44679164886475,9.51866626739502,25.8865184783936,1000.42681884766,25.3862495422363,-11.3844995498657,36.7707481384277,17.7507915496826,-5.48620796203613,18.369499206543,-6.10166645050049,912,91,55,16.6499195098877,268,174,259,184
"47",-80.13,43.53,6.44679164886475,9.51866626739502,25.8865184783936,1000.42681884766,25.3862495422363,-11.3844995498657,36.7707481384277,17.7507915496826,-5.48620796203613,18.369499206543,-6.10166645050049,912,91,55,16.6499195098877,268,174,259,184
"48",-80.129997,43.540001,6.44679164886475,9.51866626739502,25.8865184783936,1000.42681884766,25.3862495422363,-11.3844995498657,36.7707481384277,17.7507915496826,-5.48620796203613,18.369499206543,-6.10166645050049,912,91,55,16.6499195098877,268,174,259,184
"49",-80.129997,43.540001,6.44679164886475,9.51866626739502,25.8865184783936,1000.42681884766,25.3862495422363,-11.3844995498657,36.7707481384277,17.7507915496826,-5.48620796203613,18.369499206543,-6.10166645050049,912,91,55,16.6499195098877,268,174,259,184
"50",-80.129997,43.540001,6.44679164886475,9.51866626739502,25.8865184783936,1000.42681884766,25.3862495422363,-11.3844995498657,36.7707481384277,17.7507915496826,-5.48620796203613,18.369499206543,-6.10166645050049,912,91,55,16.6499195098877,268,174,259,184
"51",-80.129997,43.540001,6.44679164886475,9.51866626739502,25.8865184783936,1000.42681884766,25.3862495422363,-11.3844995498657,36.7707481384277,17.7507915496826,-5.48620796203613,18.369499206543,-6.10166645050049,912,91,55,16.6499195098877,268,174,259,184
"52",-110.947749,49.465932,5.11816692352295,13.6469583511353,31.5620536804199,1078.28527832031,26.8519992828369,-16.3864994049072,43.2384986877441,15.6178340911865,-1.21416664123535,17.9726257324219,-8.64966678619385,348,61,14,49.1133499145508,144,50,130,51
"53",-79.416667,43.666667,8.09421920776367,8.79943752288818,24.197380065918,1001.79095458984,26.726749420166,-9.63850021362305,36.3652496337891,19.5072917938232,-3.72375011444092,20.1619167327881,-4.3694167137146,839,85,50,16.6895618438721,246,159,236,170
"54",-85.985103,42.528185,8.78970813751221,10.7969999313354,29.2645244598389,971.062683105469,27.7782497406006,-9.11625003814697,36.8945007324219,19.5391254425049,-2.34137511253357,20.3804588317871,-3.5872917175293,974,108,41,21.8132705688477,292,168,278,186
"55",-89.159075,30.364838,19.7483863830566,10.5283327102661,38.3018264770508,645.55078125,32.7756233215332,5.28781270980835,27.4878101348877,27.0382804870605,16.1405735015869,27.334321975708,11.5853128433228,1637,173,83,18.0945587158203,492,324,472,419
"56",-86.37,36.031111,14.3441772460938,12.9991874694824,36.984935760498,843.506225585938,31.7934989929199,-3.35374999046326,35.1472473144531,14.0255002975464,20.3932495117188,24.5262908935547,3.64233326911926,1336,140,83,14.1587724685669,380,279,317,337
"57",-86.37,36.031111,14.3441772460938,12.9991874694824,36.984935760498,843.506225585938,31.7934989929199,-3.35374999046326,35.1472473144531,14.0255002975464,20.3932495117188,24.5262908935547,3.64233326911926,1336,140,83,14.1587724685669,380,279,317,337
"58",-86.37,36.031111,14.3441772460938,12.9991874694824,36.984935760498,843.506225585938,31.7934989929199,-3.35374999046326,35.1472473144531,14.0255002975464,20.3932495117188,24.5262908935547,3.64233326911926,1336,140,83,14.1587724685669,380,279,317,337
"59",-86.37,36.031111,14.3441772460938,12.9991874694824,36.984935760498,843.506225585938,31.7934989929199,-3.35374999046326,35.1472473144531,14.0255002975464,20.3932495117188,24.5262908935547,3.64233326911926,1336,140,83,14.1587724685669,380,279,317,337
"60",-86.37,36.031111,14.3441772460938,12.9991874694824,36.984935760498,843.506225585938,31.7934989929199,-3.35374999046326,35.1472473144531,14.0255002975464,20.3932495117188,24.5262908935547,3.64233326911926,1336,140,83,14.1587724685669,380,279,317,337
"61",-86.37,36.031111,14.3441772460938,12.9991874694824,36.984935760498,843.506225585938,31.7934989929199,-3.35374999046326,35.1472473144531,14.0255002975464,20.3932495117188,24.5262908935547,3.64233326911926,1336,140,83,14.1587724685669,380,279,317,337
"62",-86.37,36.031111,14.3441772460938,12.9991874694824,36.984935760498,843.506225585938,31.7934989929199,-3.35374999046326,35.1472473144531,14.0255002975464,20.3932495117188,24.5262908935547,3.64233326911926,1336,140,83,14.1587724685669,380,279,317,337
"63",-86.37,36.031111,14.3441772460938,12.9991874694824,36.984935760498,843.506225585938,31.7934989929199,-3.35374999046326,35.1472473144531,14.0255002975464,20.3932495117188,24.5262908935547,3.64233326911926,1336,140,83,14.1587724685669,380,279,317,337
"64",-86.37,36.031111,14.3441772460938,12.9991874694824,36.984935760498,843.506225585938,31.7934989929199,-3.35374999046326,35.1472473144531,14.0255002975464,20.3932495117188,24.5262908935547,3.64233326911926,1336,140,83,14.1587724685669,380,279,317,337
"65",-117.072271,32.875767,17.7206974029541,12.8507289886475,55.0800628662109,379.711853027344,29.8174991607666,6.48649978637695,23.3309993743896,13.761625289917,21.9639587402344,22.7651672363281,13.4527502059937,341,69,1,90.400276184082,195,6,12,177
"66",-117.072271,32.875767,17.7206974029541,12.8507289886475,55.0800628662109,379.711853027344,29.8174991607666,6.48649978637695,23.3309993743896,13.761625289917,21.9639587402344,22.7651672363281,13.4527502059937,341,69,1,90.400276184082,195,6,12,177
"67",-117.072271,32.875767,17.7206974029541,12.8507289886475,55.0800628662109,379.711853027344,29.8174991607666,6.48649978637695,23.3309993743896,13.761625289917,21.9639587402344,22.7651672363281,13.4527502059937,341,69,1,90.400276184082,195,6,12,177
"68",-117.072271,32.875767,17.7206974029541,12.8507289886475,55.0800628662109,379.711853027344,29.8174991607666,6.48649978637695,23.3309993743896,13.761625289917,21.9639587402344,22.7651672363281,13.4527502059937,341,69,1,90.400276184082,195,6,12,177
"69",-117.061423,32.887609,17.7206974029541,12.8507289886475,55.0800628662109,379.711853027344,29.8174991607666,6.48649978637695,23.3309993743896,13.761625289917,21.9639587402344,22.7651672363281,13.4527502059937,341,69,1,90.400276184082,195,6,12,177
"70",-117.061423,32.887609,17.7206974029541,12.8507289886475,55.0800628662109,379.711853027344,29.8174991607666,6.48649978637695,23.3309993743896,13.761625289917,21.9639587402344,22.7651672363281,13.4527502059937,341,69,1,90.400276184082,195,6,12,177
"71",-117.072271,32.875767,17.7206974029541,12.8507289886475,55.0800628662109,379.711853027344,29.8174991607666,6.48649978637695,23.3309993743896,13.761625289917,21.9639587402344,22.7651672363281,13.4527502059937,341,69,1,90.400276184082,195,6,12,177
"72",-117.072271,32.875767,17.7206974029541,12.8507289886475,55.0800628662109,379.711853027344,29.8174991607666,6.48649978637695,23.3309993743896,13.761625289917,21.9639587402344,22.7651672363281,13.4527502059937,341,69,1,90.400276184082,195,6,12,177
"73",-117.072271,32.875767,17.7206974029541,12.8507289886475,55.0800628662109,379.711853027344,29.8174991607666,6.48649978637695,23.3309993743896,13.761625289917,21.9639587402344,22.7651672363281,13.4527502059937,341,69,1,90.400276184082,195,6,12,177
"74",-116.997192,32.906146,17.8085308074951,14.8307704925537,54.8454933166504,446.341796875,32.6915016174316,5.65049982070923,27.0410022735596,13.1374998092651,22.8904590606689,23.7723331451416,12.8835411071777,369,73,2,88.2004776000977,207,9,16,191
"75",-116.997192,32.906146,17.8085308074951,14.8307704925537,54.8454933166504,446.341796875,32.6915016174316,5.65049982070923,27.0410022735596,13.1374998092651,22.8904590606689,23.7723331451416,12.8835411071777,369,73,2,88.2004776000977,207,9,16,191
"76",-84.132946,39.611468,11.0570726394653,11.3950204849243,31.2119674682617,938.522583007812,29.3099994659424,-7.19850015640259,36.5084991455078,20.2682914733887,-0.976041615009308,22.2856254577637,-0.976041615009308,1020,114,61,19.5894241333008,312,199,289,199
"77",-76.940002,39.009998,12.8324165344238,11.6099166870117,32.9275245666504,881.0048828125,30.7102508544922,-4.54874992370605,35.2590026855469,21.3809585571289,1.77262496948242,23.5442504882812,1.77262496948242,1134,116,74,11.6474094390869,318,245,300,245
"78",-110.269907,31.475908,15.9223232269287,15.8080205917358,48.1797637939453,658.935974121094,32.8392486572266,0.0287500042468309,32.8104972839355,23.3227500915527,19.245792388916,24.1048336029053,8.06933307647705,500,117,6,79.8586044311523,269,33,232,112
"79",-110.269907,31.475908,15.9223232269287,15.8080205917358,48.1797637939453,658.935974121094,32.8392486572266,0.0287500042468309,32.8104972839355,23.3227500915527,19.245792388916,24.1048336029053,8.06933307647705,500,117,6,79.8586044311523,269,33,232,112
"80",-84.996459,43.545649,7.54703140258789,11.464729309082,29.5909786224365,1008.62188720703,27.8122501373291,-10.9317502975464,38.7439994812012,14.7419576644897,-4.10545825958252,19.6952075958252,-5.17370843887329,807,94,33,27.2909984588623,258,130,242,130
"81",-72.378135,41.300156,10.3038673400879,10.3061752319336,30.0755462646484,874.970703125,27.803596496582,-6.46402883529663,34.2676239013672,2.0816547870636,21.0256595611572,21.0256595611572,-0.530215799808502,1229,117,91,7.78453207015991,332,286,286,307
"82",-72.378135,41.300156,10.3038673400879,10.3061752319336,30.0755462646484,874.970703125,27.803596496582,-6.46402883529663,34.2676239013672,2.0816547870636,21.0256595611572,21.0256595611572,-0.530215799808502,1229,117,91,7.78453207015991,332,286,286,307
"83",-72.378135,41.300156,10.3038673400879,10.3061752319336,30.0755462646484,874.970703125,27.803596496582,-6.46402883529663,34.2676239013672,2.0816547870636,21.0256595611572,21.0256595611572,-0.530215799808502,1229,117,91,7.78453207015991,332,286,286,307
"84",-72.378135,41.300156,10.3038673400879,10.3061752319336,30.0755462646484,874.970703125,27.803596496582,-6.46402883529663,34.2676239013672,2.0816547870636,21.0256595611572,21.0256595611572,-0.530215799808502,1229,117,91,7.78453207015991,332,286,286,307
"85",-72.378135,41.300156,10.3038673400879,10.3061752319336,30.0755462646484,874.970703125,27.803596496582,-6.46402883529663,34.2676239013672,2.0816547870636,21.0256595611572,21.0256595611572,-0.530215799808502,1229,117,91,7.78453207015991,332,286,286,307
"86",-72.378135,41.300156,10.3038673400879,10.3061752319336,30.0755462646484,874.970703125,27.803596496582,-6.46402883529663,34.2676239013672,2.0816547870636,21.0256595611572,21.0256595611572,-0.530215799808502,1229,117,91,7.78453207015991,332,286,286,307
"87",-97.589133,29.590984,20.1061553955078,12.9104375839233,40.7205085754395,686.031555175781,35.4257507324219,3.72075009346008,31.7049999237061,23.6069164276123,12.9101247787476,28.166332244873,11.257833480835,884,124,44,34.5125541687012,303,162,208,165
"88",-106.343005,31.682072,17.7026348114014,16.3947696685791,43.9930267333984,798.725036621094,36.2222480773926,-1.04449999332428,37.2667465209961,26.5380821228027,17.427375793457,27.3924579620361,7.80362510681152,226,43,5,69.8587188720703,121,20,104,36
"89",-106.343005,31.682072,17.7026348114014,16.3947696685791,43.9930267333984,798.725036621094,36.2222480773926,-1.04449999332428,37.2667465209961,26.5380821228027,17.427375793457,27.3924579620361,7.80362510681152,226,43,5,69.8587188720703,121,20,104,36
"90",-84.601771,44.487143,6.28145837783813,12.2593746185303,30.7217864990234,1013.36755371094,26.9137496948242,-12.9907503128052,39.9044990539551,17.439582824707,-5.62537527084351,18.3846244812012,-6.52279186248779,749,92,30,29.7482566833496,254,119,240,119
"91",-84.393644,42.806086,8.43128108978271,10.9735622406006,28.9893665313721,997.504943847656,27.8762493133545,-9.97749996185303,37.8537483215332,19.3982925415039,-4.27470827102661,20.3747081756592,-4.27470827102661,793,89,35,26.3802185058594,242,129,241,129
"92",-86.544998,41.998059,9.69108295440674,9.57508373260498,26.790943145752,954.298645019531,27.7972507476807,-7.94274997711182,35.7400016784668,21.2336673736572,-1.19704163074493,21.2336673736572,-2.35045838356018,963,98,43,20.9600658416748,281,167,281,176
"93",-86.544998,41.998059,9.69108295440674,9.57508373260498,26.790943145752,954.298645019531,27.7972507476807,-7.94274997711182,35.7400016784668,21.2336673736572,-1.19704163074493,21.2336673736572,-2.35045838356018,963,98,43,20.9600658416748,281,167,281,176
"94",-86.544998,41.998059,9.69108295440674,9.57508373260498,26.790943145752,954.298645019531,27.7972507476807,-7.94274997711182,35.7400016784668,21.2336673736572,-1.19704163074493,21.2336673736572,-2.35045838356018,963,98,43,20.9600658416748,281,167,281,176
"95",-86.544998,41.998059,9.69108295440674,9.57508373260498,26.790943145752,954.298645019531,27.7972507476807,-7.94274997711182,35.7400016784668,21.2336673736572,-1.19704163074493,21.2336673736572,-2.35045838356018,963,98,43,20.9600658416748,281,167,281,176
"96",-86.544998,41.998059,9.69108295440674,9.57508373260498,26.790943145752,954.298645019531,27.7972507476807,-7.94274997711182,35.7400016784668,21.2336673736572,-1.19704163074493,21.2336673736572,-2.35045838356018,963,98,43,20.9600658416748,281,167,281,176
"97",-86.544998,41.998059,9.69108295440674,9.57508373260498,26.790943145752,954.298645019531,27.7972507476807,-7.94274997711182,35.7400016784668,21.2336673736572,-1.19704163074493,21.2336673736572,-2.35045838356018,963,98,43,20.9600658416748,281,167,281,176
"98",-86.544998,41.998059,9.69108295440674,9.57508373260498,26.790943145752,954.298645019531,27.7972507476807,-7.94274997711182,35.7400016784668,21.2336673736572,-1.19704163074493,21.2336673736572,-2.35045838356018,963,98,43,20.9600658416748,281,167,281,176
"99",-86.544998,41.998059,9.69108295440674,9.57508373260498,26.790943145752,954.298645019531,27.7972507476807,-7.94274997711182,35.7400016784668,21.2336673736572,-1.19704163074493,21.2336673736572,-2.35045838356018,963,98,43,20.9600658416748,281,167,281,176
"100",-84.717525,44.677701,6.00603103637695,12.1753959655762,30.7490539550781,1015.54925537109,26.5652503967285,-13.0307502746582,39.5960006713867,17.2136249542236,-5.97366666793823,18.1322917938232,-6.75687503814697,821,100,33,30.5558929443359,279,126,264,127
"101",-84.717525,44.677701,6.00603103637695,12.1753959655762,30.7490539550781,1015.54925537109,26.5652503967285,-13.0307502746582,39.5960006713867,17.2136249542236,-5.97366666793823,18.1322917938232,-6.75687503814697,821,100,33,30.5558929443359,279,126,264,127
"102",-84.755703,44.778611,6.00603103637695,12.1753959655762,30.7490539550781,1015.54925537109,26.5652503967285,-13.0307502746582,39.5960006713867,17.2136249542236,-5.97366666793823,18.1322917938232,-6.75687503814697,821,100,33,30.5558929443359,279,126,264,127
"103",-84.513506,42.704531,8.63819789886475,11.1225204467773,29.1990985870361,1004.54229736328,28.3020000457764,-9.78999996185303,38.0919990539551,19.6670837402344,-4.1495418548584,20.6958751678467,-4.1495418548584,800,91,35,26.8486251831055,247,130,245,130
"104",-84.513506,42.704531,8.63819789886475,11.1225204467773,29.1990985870361,1004.54229736328,28.3020000457764,-9.78999996185303,38.0919990539551,19.6670837402344,-4.1495418548584,20.6958751678467,-4.1495418548584,800,91,35,26.8486251831055,247,130,245,130
"105",-84.513506,42.704531,8.63819789886475,11.1225204467773,29.1990985870361,1004.54229736328,28.3020000457764,-9.78999996185303,38.0919990539551,19.6670837402344,-4.1495418548584,20.6958751678467,-4.1495418548584,800,91,35,26.8486251831055,247,130,245,130
"106",-86.544998,41.998059,9.69108295440674,9.57508373260498,26.790943145752,954.298645019531,27.7972507476807,-7.94274997711182,35.7400016784668,21.2336673736572,-1.19704163074493,21.2336673736572,-2.35045838356018,963,98,43,20.9600658416748,281,167,281,176
"107",-86.544998,41.998059,9.69108295440674,9.57508373260498,26.790943145752,954.298645019531,27.7972507476807,-7.94274997711182,35.7400016784668,21.2336673736572,-1.19704163074493,21.2336673736572,-2.35045838356018,963,98,43,20.9600658416748,281,167,281,176
"108",-86.544998,41.998059,9.69108295440674,9.57508373260498,26.790943145752,954.298645019531,27.7972507476807,-7.94274997711182,35.7400016784668,21.2336673736572,-1.19704163074493,21.2336673736572,-2.35045838356018,963,98,43,20.9600658416748,281,167,281,176
"109",-86.544998,41.998059,9.69108295440674,9.57508373260498,26.790943145752,954.298645019531,27.7972507476807,-7.94274997711182,35.7400016784668,21.2336673736572,-1.19704163074493,21.2336673736572,-2.35045838356018,963,98,43,20.9600658416748,281,167,281,176
"110",-86.544998,41.998059,9.69108295440674,9.57508373260498,26.790943145752,954.298645019531,27.7972507476807,-7.94274997711182,35.7400016784668,21.2336673736572,-1.19704163074493,21.2336673736572,-2.35045838356018,963,98,43,20.9600658416748,281,167,281,176
"111",-86.544998,41.998059,9.69108295440674,9.57508373260498,26.790943145752,954.298645019531,27.7972507476807,-7.94274997711182,35.7400016784668,21.2336673736572,-1.19704163074493,21.2336673736572,-2.35045838356018,963,98,43,20.9600658416748,281,167,281,176
"112",-86.544998,41.998059,9.69108295440674,9.57508373260498,26.790943145752,954.298645019531,27.7972507476807,-7.94274997711182,35.7400016784668,21.2336673736572,-1.19704163074493,21.2336673736572,-2.35045838356018,963,98,43,20.9600658416748,281,167,281,176
"113",-86.544998,41.998059,9.69108295440674,9.57508373260498,26.790943145752,954.298645019531,27.7972507476807,-7.94274997711182,35.7400016784668,21.2336673736572,-1.19704163074493,21.2336673736572,-2.35045838356018,963,98,43,20.9600658416748,281,167,281,176
"114",-86.544998,41.998059,9.69108295440674,9.57508373260498,26.790943145752,954.298645019531,27.7972507476807,-7.94274997711182,35.7400016784668,21.2336673736572,-1.19704163074493,21.2336673736572,-2.35045838356018,963,98,43,20.9600658416748,281,167,281,176
"115",-86.544998,41.998059,9.69108295440674,9.57508373260498,26.790943145752,954.298645019531,27.7972507476807,-7.94274997711182,35.7400016784668,21.2336673736572,-1.19704163074493,21.2336673736572,-2.35045838356018,963,98,43,20.9600658416748,281,167,281,176
"116",-85.373464,43.301488,7.90911436080933,11.40793800354,29.8246746063232,997.302001953125,27.8317489624023,-10.4182500839233,38.25,15.0524578094482,-3.59062504768372,19.8902912139893,-4.69462537765503,884,104,36,26.3272457122803,282,147,253,151
"117",-85.373464,43.301488,7.90911436080933,11.40793800354,29.8246746063232,997.302001953125,27.8317489624023,-10.4182500839233,38.25,15.0524578094482,-3.59062504768372,19.8902912139893,-4.69462537765503,884,104,36,26.3272457122803,282,147,253,151
"118",-85.373464,43.301488,7.90911436080933,11.40793800354,29.8246746063232,997.302001953125,27.8317489624023,-10.4182500839233,38.25,15.0524578094482,-3.59062504768372,19.8902912139893,-4.69462537765503,884,104,36,26.3272457122803,282,147,253,151
"119",-85.373464,43.301488,7.90911436080933,11.40793800354,29.8246746063232,997.302001953125,27.8317489624023,-10.4182500839233,38.25,15.0524578094482,-3.59062504768372,19.8902912139893,-4.69462537765503,884,104,36,26.3272457122803,282,147,253,151
"120",-85.373464,43.301488,7.90911436080933,11.40793800354,29.8246746063232,997.302001953125,27.8317489624023,-10.4182500839233,38.25,15.0524578094482,-3.59062504768372,19.8902912139893,-4.69462537765503,884,104,36,26.3272457122803,282,147,253,151
"121",-83.598752,41.81504,9.82993793487549,10.758542060852,28.3731784820557,1001.30828857422,29.2490005493164,-8.66899967193604,37.9179992675781,21.894416809082,-1.53458321094513,21.894416809082,-2.8899998664856,854,93,44,21.2448310852051,260,156,260,157
"122",-81.35674,27.067276,22.5693130493164,13.2565832138062,55.3158531188965,414.297180175781,33.6272506713867,9.66199970245361,23.9652519226074,27.1623764038086,18.4855003356934,27.260124206543,17.2316665649414,1246,212,41,61.541633605957,587,141,536,154
"123",-81.35674,27.067276,22.5693130493164,13.2565832138062,55.3158531188965,414.297180175781,33.6272506713867,9.66199970245361,23.9652519226074,27.1623764038086,18.4855003356934,27.260124206543,17.2316665649414,1246,212,41,61.541633605957,587,141,536,154
"124",-109.150432,31.908369,15.7197599411011,18.7888965606689,50.5818901062012,729.664611816406,34.5482482910156,-2.59724998474121,37.1455001831055,24.100040435791,19.2259578704834,24.7509574890137,6.94833326339722,346,73,6,73.5048522949219,182,23,148,75
"125",-109.150432,31.908369,15.7197599411011,18.7888965606689,50.5818901062012,729.664611816406,34.5482482910156,-2.59724998474121,37.1455001831055,24.100040435791,19.2259578704834,24.7509574890137,6.94833326339722,346,73,6,73.5048522949219,182,23,148,75
"126",-88.885302,30.401766,19.7848377227783,10.0151243209839,37.2461929321289,644.017944335938,32.4612350463867,5.57224655151367,26.888988494873,27.0199718475342,16.1220264434814,27.3605728149414,11.6313514709473,1613,174,86,17.9963779449463,487,324,471,415
"127",-85.96555,42.528084,8.78970813751221,10.7969999313354,29.2645244598389,971.062683105469,27.7782497406006,-9.11625003814697,36.8945007324219,19.5391254425049,-2.34137511253357,20.3804588317871,-3.5872917175293,974,108,41,21.8132705688477,292,168,278,186
"128",-85.96555,42.528084,8.78970813751221,10.7969999313354,29.2645244598389,971.062683105469,27.7782497406006,-9.11625003814697,36.8945007324219,19.5391254425049,-2.34137511253357,20.3804588317871,-3.5872917175293,974,108,41,21.8132705688477,292,168,278,186
"129",-85.926759,42.542476,8.78970813751221,10.7969999313354,29.2645244598389,971.062683105469,27.7782497406006,-9.11625003814697,36.8945007324219,19.5391254425049,-2.34137511253357,20.3804588317871,-3.5872917175293,974,108,41,21.8132705688477,292,168,278,186
"130",-84.433595,42.849382,8.25795841217041,11.0232086181641,29.1064853668213,996.598205566406,27.75,-10.1219997406006,37.8720016479492,19.1894588470459,-4.45229148864746,20.1752490997314,-4.45229148864746,790,93,33,27.3364524841309,246,126,238,126
"131",-84.433595,42.849382,8.25795841217041,11.0232086181641,29.1064853668213,996.598205566406,27.75,-10.1219997406006,37.8720016479492,19.1894588470459,-4.45229148864746,20.1752490997314,-4.45229148864746,790,93,33,27.3364524841309,246,126,238,126
"132",-101.850129,43.905595,8.63431262969971,15.5022077560425,34.390697479248,1084.65625,31.8712501525879,-13.2054996490479,45.0767517089844,19.1614589691162,-4.65645837783813,22.0510406494141,-4.65645837783813,430,76,9,64.671501159668,209,30,176,30
"133",-109.14083,31.91361,15.7197599411011,18.7888965606689,50.5818901062012,729.664611816406,34.5482482910156,-2.59724998474121,37.1455001831055,24.100040435791,19.2259578704834,24.7509574890137,6.94833326339722,346,73,6,73.5048522949219,182,23,148,75
"134",-109.14083,31.91361,15.7197599411011,18.7888965606689,50.5818901062012,729.664611816406,34.5482482910156,-2.59724998474121,37.1455001831055,24.100040435791,19.2259578704834,24.7509574890137,6.94833326339722,346,73,6,73.5048522949219,182,23,148,75
"135",-83.706711,43.021723,8.35744762420654,10.5891456604004,28.0455169677734,999.51171875,27.8202495574951,-9.9367504119873,37.7569999694824,19.4398746490479,-4.34841680526733,20.3127918243408,-4.34841680526733,762,94,32,28.6221103668213,244,120,231,120
"136",-90.196116,32.320204,17.9401664733887,12.8145418167114,40.2567901611328,732.603881835938,33.2369995117188,1.40499997138977,31.8319988250732,17.8599166870117,23.1627502441406,26.7200412750244,8.69508361816406,1440,155,85,20.6596546173096,426,267,301,417
"137",-81.337572,27.18866,22.5110931396484,13.1322708129883,54.7029800415039,419.872039794922,33.6175003051758,9.61100006103516,24.0065002441406,27.1736259460449,18.3060417175293,27.2617073059082,17.0895004272461,1218,206,41,61.1642303466797,570,140,525,156
"138",-101.65662,34.933774,14.4506359100342,15.1663122177124,40.0711059570312,854.445922851562,33.3267517089844,-4.52174997329712,37.848503112793,24.9580841064453,3.89391660690308,24.9580841064453,3.89391660690308,498,91,12,63.2992477416992,223,39,223,39
"139",-101.65662,34.933774,14.4506359100342,15.1663122177124,40.0711059570312,854.445922851562,33.3267517089844,-4.52174997329712,37.848503112793,24.9580841064453,3.89391660690308,24.9580841064453,3.89391660690308,498,91,12,63.2992477416992,223,39,223,39
"140",-100.906859,38.482169,11.7932081222534,16.1163749694824,37.4033966064453,990.326477050781,33.7309989929199,-9.35699939727783,43.0879974365234,21.5618743896484,-0.275249868631363,24.1590423583984,-0.275249868631363,501,76,13,57.2209053039551,224,42,212,42
"141",-106.190298,38.538609,0.2208541482687,15.3019580841064,41.6975479125977,788.0283203125,19.4372501373291,-17.2602500915527,36.6975021362305,9.87383365631104,2.70700001716614,10.0973329544067,-8.89479160308838,552,69,36,23.831169128418,181,114,170,126
"142",-85.412316,42.401696,8.84737491607666,11.1999998092651,29.5647125244141,995.84912109375,28.4732494354248,-9.40974998474121,37.882999420166,19.7992076873779,-2.48554158210754,20.8582077026367,-3.79725003242493,908,100,39,24.4927921295166,279,149,273,155
"143",-85.412316,42.401696,8.84737491607666,11.1999998092651,29.5647125244141,995.84912109375,28.4732494354248,-9.40974998474121,37.882999420166,19.7992076873779,-2.48554158210754,20.8582077026367,-3.79725003242493,908,100,39,24.4927921295166,279,149,273,155
"144",-88.972293,37.554495,13.3515625,11.4994583129883,31.4484996795654,921.77978515625,31.3379993438721,-5.22800016403198,36.5659980773926,13.1924171447754,19.8700828552246,24.3363742828369,1.42900002002716,1184,124,77,16.7964305877686,360,250,291,265
"145",-85.308968,42.595028,8.61090660095215,11.316478729248,29.9051418304443,989.559265136719,28.2434997558594,-9.59774971008301,37.8412475585938,19.4899578094482,-2.67362499237061,20.5448741912842,-3.95420837402344,868,98,36,25.7180862426758,266,140,262,145
"146",-85.308968,42.595028,8.61090660095215,11.316478729248,29.9051418304443,989.559265136719,28.2434997558594,-9.59774971008301,37.8412475585938,19.4899578094482,-2.67362499237061,20.5448741912842,-3.95420837402344,868,98,36,25.7180862426758,266,140,262,145
"147",-103.476203,43.429878,8.56656265258789,16.1521663665771,37.6461334228516,979.734558105469,31.2237491607666,-11.6815004348755,42.9052505493164,18.1513748168945,-3.17891669273376,20.9656257629395,-3.17891669273376,427,74,9,66.1034851074219,209,30,177,30
"148",-81.316667,29.9,20.9702491760254,9.92725849151611,41.0027313232422,524.187194824219,32.2635498046875,8.05233669281006,24.2112121582031,26.895637512207,15.5018692016602,26.9387855529785,14.1901874542236,1251,163,60,36.2658195495605,467,213,450,244
"149",-81.316667,29.9,20.9702491760254,9.92725849151611,41.0027313232422,524.187194824219,32.2635498046875,8.05233669281006,24.2112121582031,26.895637512207,15.5018692016602,26.9387855529785,14.1901874542236,1251,163,60,36.2658195495605,467,213,450,244
"150",-81.316667,29.9,20.9702491760254,9.92725849151611,41.0027313232422,524.187194824219,32.2635498046875,8.05233669281006,24.2112121582031,26.895637512207,15.5018692016602,26.9387855529785,14.1901874542236,1251,163,60,36.2658195495605,467,213,450,244
"151",-82.533153,27.25866,22.9533100128174,10.710958480835,48.9452285766602,436.609039306641,33.0410957336426,11.1575345993042,21.8835601806641,27.8757991790771,18.572603225708,27.8757991790771,17.3239727020264,1288,223,39,61.5395812988281,600,169,600,189
"152",-82.533153,27.25866,22.9533100128174,10.710958480835,48.9452285766602,436.609039306641,33.0410957336426,11.1575345993042,21.8835601806641,27.8757991790771,18.572603225708,27.8757991790771,17.3239727020264,1288,223,39,61.5395812988281,600,169,600,189
"153",-90.315833,32.329444,17.9401664733887,12.8145418167114,40.2567901611328,732.603881835938,33.2369995117188,1.40499997138977,31.8319988250732,17.8599166870117,23.1627502441406,26.7200412750244,8.69508361816406,1440,155,85,20.6596546173096,426,267,301,417
"154",-110.466,49.122,4.95947933197021,14.4112501144409,31.9917640686035,1118.28149414062,27.9330005645752,-17.1137504577637,45.0467529296875,15.8464584350586,-1.60162496566772,18.39674949646,-9.26375007629395,329,57,14,48.9334411621094,138,47,123,52
"155",-110.466,49.122,4.95947933197021,14.4112501144409,31.9917640686035,1118.28149414062,27.9330005645752,-17.1137504577637,45.0467529296875,15.8464584350586,-1.60162496566772,18.39674949646,-9.26375007629395,329,57,14,48.9334411621094,138,47,123,52
"156",-110.466,49.122,4.95947933197021,14.4112501144409,31.9917640686035,1118.28149414062,27.9330005645752,-17.1137504577637,45.0467529296875,15.8464584350586,-1.60162496566772,18.39674949646,-9.26375007629395,329,57,14,48.9334411621094,138,47,123,52
"157",-110.466,49.122,4.95947933197021,14.4112501144409,31.9917640686035,1118.28149414062,27.9330005645752,-17.1137504577637,45.0467529296875,15.8464584350586,-1.60162496566772,18.39674949646,-9.26375007629395,329,57,14,48.9334411621094,138,47,123,52
"158",-110.466,49.122,4.95947933197021,14.4112501144409,31.9917640686035,1118.28149414062,27.9330005645752,-17.1137504577637,45.0467529296875,15.8464584350586,-1.60162496566772,18.39674949646,-9.26375007629395,329,57,14,48.9334411621094,138,47,123,52
"159",-110.466,49.122,4.95947933197021,14.4112501144409,31.9917640686035,1118.28149414062,27.9330005645752,-17.1137504577637,45.0467529296875,15.8464584350586,-1.60162496566772,18.39674949646,-9.26375007629395,329,57,14,48.9334411621094,138,47,123,52
"160",-110.466,49.122,4.95947933197021,14.4112501144409,31.9917640686035,1118.28149414062,27.9330005645752,-17.1137504577637,45.0467529296875,15.8464584350586,-1.60162496566772,18.39674949646,-9.26375007629395,329,57,14,48.9334411621094,138,47,123,52
"161",-110.466,49.122,4.95947933197021,14.4112501144409,31.9917640686035,1118.28149414062,27.9330005645752,-17.1137504577637,45.0467529296875,15.8464584350586,-1.60162496566772,18.39674949646,-9.26375007629395,329,57,14,48.9334411621094,138,47,123,52
"162",-110.466,49.122,4.95947933197021,14.4112501144409,31.9917640686035,1118.28149414062,27.9330005645752,-17.1137504577637,45.0467529296875,15.8464584350586,-1.60162496566772,18.39674949646,-9.26375007629395,329,57,14,48.9334411621094,138,47,123,52
"163",-110.466,49.122,4.95947933197021,14.4112501144409,31.9917640686035,1118.28149414062,27.9330005645752,-17.1137504577637,45.0467529296875,15.8464584350586,-1.60162496566772,18.39674949646,-9.26375007629395,329,57,14,48.9334411621094,138,47,123,52
"164",-110.466,49.122,4.95947933197021,14.4112501144409,31.9917640686035,1118.28149414062,27.9330005645752,-17.1137504577637,45.0467529296875,15.8464584350586,-1.60162496566772,18.39674949646,-9.26375007629395,329,57,14,48.9334411621094,138,47,123,52
"165",-110.466,49.122,4.95947933197021,14.4112501144409,31.9917640686035,1118.28149414062,27.9330005645752,-17.1137504577637,45.0467529296875,15.8464584350586,-1.60162496566772,18.39674949646,-9.26375007629395,329,57,14,48.9334411621094,138,47,123,52
"166",-110.466,49.122,4.95947933197021,14.4112501144409,31.9917640686035,1118.28149414062,27.9330005645752,-17.1137504577637,45.0467529296875,15.8464584350586,-1.60162496566772,18.39674949646,-9.26375007629395,329,57,14,48.9334411621094,138,47,123,52
"167",-110.466,49.122,4.95947933197021,14.4112501144409,31.9917640686035,1118.28149414062,27.9330005645752,-17.1137504577637,45.0467529296875,15.8464584350586,-1.60162496566772,18.39674949646,-9.26375007629395,329,57,14,48.9334411621094,138,47,123,52
"168",-110.466,49.122,4.95947933197021,14.4112501144409,31.9917640686035,1118.28149414062,27.9330005645752,-17.1137504577637,45.0467529296875,15.8464584350586,-1.60162496566772,18.39674949646,-9.26375007629395,329,57,14,48.9334411621094,138,47,123,52
"169",-110.466,49.122,4.95947933197021,14.4112501144409,31.9917640686035,1118.28149414062,27.9330005645752,-17.1137504577637,45.0467529296875,15.8464584350586,-1.60162496566772,18.39674949646,-9.26375007629395,329,57,14,48.9334411621094,138,47,123,52
"170",-110.466,49.122,4.95947933197021,14.4112501144409,31.9917640686035,1118.28149414062,27.9330005645752,-17.1137504577637,45.0467529296875,15.8464584350586,-1.60162496566772,18.39674949646,-9.26375007629395,329,57,14,48.9334411621094,138,47,123,52
"171",-97.608131,37.033627,14.3819894790649,13.0924377441406,32.2134628295898,1001.16009521484,34.8507499694824,-5.79199981689453,40.642749786377,23.95920753479,1.8163332939148,26.6273746490479,1.8163332939148,793,105,24,41.5570373535156,288,84,266,84
"172",-97.608131,37.033627,14.3819894790649,13.0924377441406,32.2134628295898,1001.16009521484,34.8507499694824,-5.79199981689453,40.642749786377,23.95920753479,1.8163332939148,26.6273746490479,1.8163332939148,793,105,24,41.5570373535156,288,84,266,84
"173",-97.608131,37.033627,14.3819894790649,13.0924377441406,32.2134628295898,1001.16009521484,34.8507499694824,-5.79199981689453,40.642749786377,23.95920753479,1.8163332939148,26.6273746490479,1.8163332939148,793,105,24,41.5570373535156,288,84,266,84
"174",-86.862234,40.401246,10.6631879806519,11.488208770752,29.5803871154785,1009.18347167969,29.9762496948242,-8.86100006103516,38.8372497558594,22.6551246643066,-0.625874996185303,22.6551246643066,-2.40875005722046,939,104,42,25.961067199707,298,160,298,160
"175",-86.862234,40.401246,10.6631879806519,11.488208770752,29.5803871154785,1009.18347167969,29.9762496948242,-8.86100006103516,38.8372497558594,22.6551246643066,-0.625874996185303,22.6551246643066,-2.40875005722046,939,104,42,25.961067199707,298,160,298,160
"176",-111.754145,34.961654,12.0043230056763,15.479603767395,43.509838104248,754.28125,31.5125007629395,-4.06475019454956,35.5772514343262,4.29966688156128,14.3403749465942,21.593542098999,3.37016677856445,583,70,10,37.7354888916016,189,67,141,173
"177",-111.754145,34.961654,12.0043230056763,15.479603767395,43.509838104248,754.28125,31.5125007629395,-4.06475019454956,35.5772514343262,4.29966688156128,14.3403749465942,21.593542098999,3.37016677856445,583,70,10,37.7354888916016,189,67,141,173
"178",-84.387982,33.748995,16.52174949646,11.5269165039062,36.699405670166,749.423645019531,31.8225002288818,0.413500010967255,31.4090003967285,8.647292137146,21.7376670837402,25.5419998168945,6.99349975585938,1289,141,81,16.2754344940186,387,269,316,354
"179",-115.509422,35.02779,18.7158966064453,15.0570001602173,40.8977012634277,834.1923828125,38.5625,1.7462500333786,36.8162498474121,10.294750213623,21.4213752746582,29.1216659545898,9.00541687011719,171,28,2,48.439525604248,60,15,47,56
"180",-73.326018,40.695134,11.4800453186035,8.78236484527588,27.1224479675293,875.018005371094,27.8336391448975,-4.54678916931152,32.380428314209,9.89979648590088,19.66162109375,22.1983680725098,0.647298753261566,1058,103,74,10.8399496078491,289,242,252,258
"181",-115.509422,35.02779,18.7158966064453,15.0570001602173,40.8977012634277,834.1923828125,38.5625,1.7462500333786,36.8162498474121,10.294750213623,21.4213752746582,29.1216659545898,9.00541687011719,171,28,2,48.439525604248,60,15,47,56
"182",-115.509422,35.02779,18.7158966064453,15.0570001602173,40.8977012634277,834.1923828125,38.5625,1.7462500333786,36.8162498474121,10.294750213623,21.4213752746582,29.1216659545898,9.00541687011719,171,28,2,48.439525604248,60,15,47,56
"183",-97.845605,38.148899,13.3008127212524,13.1770420074463,32.083568572998,1011.65966796875,33.9860000610352,-7.08500003814697,41.0709991455078,23.1464157104492,0.596416711807251,25.683874130249,0.596416711807251,746,110,15,49.7649765014648,299,64,276,64
"184",-97.845605,38.148899,13.3008127212524,13.1770420074463,32.083568572998,1011.65966796875,33.9860000610352,-7.08500003814697,41.0709991455078,23.1464157104492,0.596416711807251,25.683874130249,0.596416711807251,746,110,15,49.7649765014648,299,64,276,64
"185",-82.101256,39.32924,11.3542394638062,12.5907707214355,34.954460144043,889.13134765625,29.4444999694824,-6.57599973678589,36.0205001831055,19.9624576568604,0.00166666507720947,22.0009574890137,0.00166666507720947,1035,113,66,17.5673179626465,311,212,303,212
"186",-98.83333,32.33333,17.6305198669434,14.0437498092651,39.4169006347656,794.644226074219,34.827751159668,-0.800999999046326,35.6287498474121,21.7979164123535,7.53737497329712,27.1560821533203,7.53737497329712,737,102,34,34.9308319091797,257,116,192,116
"187",-111.597701,46.005768,7.23615646362305,15.4086875915527,38.3620376586914,900.156616210938,29.0214996337891,-11.1450004577637,40.1665000915527,15.9542503356934,-3.75874996185303,18.5092506408691,-3.75874996185303,284,52,7,62.1915321350098,132,25,113,25
"188",-111.597701,46.005768,7.23615646362305,15.4086875915527,38.3620376586914,900.156616210938,29.0214996337891,-11.1450004577637,40.1665000915527,15.9542503356934,-3.75874996185303,18.5092506408691,-3.75874996185303,284,52,7,62.1915321350098,132,25,113,25
"189",-98.086007,37.952953,13.342698097229,13.4533958435059,32.6455535888672,1010.52014160156,34.1875,-7.02299976348877,41.2104988098145,23.1464157104492,0.698333323001862,25.7426242828369,0.698333323001862,727,107,15,49.8452033996582,289,62,269,62
"190",-98.086007,37.952953,13.342698097229,13.4533958435059,32.6455535888672,1010.52014160156,34.1875,-7.02299976348877,41.2104988098145,23.1464157104492,0.698333323001862,25.7426242828369,0.698333323001862,727,107,15,49.8452033996582,289,62,269,62
"191",-98.086007,37.952953,13.342698097229,13.4533958435059,32.6455535888672,1010.52014160156,34.1875,-7.02299976348877,41.2104988098145,23.1464157104492,0.698333323001862,25.7426242828369,0.698333323001862,727,107,15,49.8452033996582,289,62,269,62
"192",-98.086007,37.952953,13.342698097229,13.4533958435059,32.6455535888672,1010.52014160156,34.1875,-7.02299976348877,41.2104988098145,23.1464157104492,0.698333323001862,25.7426242828369,0.698333323001862,727,107,15,49.8452033996582,289,62,269,62
"193",-96.571669,39.183608,12.2914171218872,12.7995414733887,31.0391616821289,1035.41760253906,32.4952507019043,-8.74149990081787,41.2367515563965,22.3011245727539,-0.940583288669586,24.7627506256104,-0.940583288669586,877,135,20,52.7972412109375,363,69,325,69
"194",-96.571669,39.183608,12.2914171218872,12.7995414733887,31.0391616821289,1035.41760253906,32.4952507019043,-8.74149990081787,41.2367515563965,22.3011245727539,-0.940583288669586,24.7627506256104,-0.940583288669586,877,135,20,52.7972412109375,363,69,325,69
"195",-96.735182,39.296463,12.2027082443237,12.9002084732056,31.264705657959,1034.39282226562,32.4799995422363,-8.78125,41.2612495422363,22.2123336791992,-1.0110000371933,24.6822490692139,-1.0110000371933,860,133,18,53.5471534729004,357,65,323,65
"196",-96.735182,39.296463,12.2027082443237,12.9002084732056,31.264705657959,1034.39282226562,32.4799995422363,-8.78125,41.2612495422363,22.2123336791992,-1.0110000371933,24.6822490692139,-1.0110000371933,860,133,18,53.5471534729004,357,65,323,65
"197",-96.735182,39.296463,12.2027082443237,12.9002084732056,31.264705657959,1034.39282226562,32.4799995422363,-8.78125,41.2612495422363,22.2123336791992,-1.0110000371933,24.6822490692139,-1.0110000371933,860,133,18,53.5471534729004,357,65,323,65
"198",-96.735182,39.296463,12.2027082443237,12.9002084732056,31.264705657959,1034.39282226562,32.4799995422363,-8.78125,41.2612495422363,22.2123336791992,-1.0110000371933,24.6822490692139,-1.0110000371933,860,133,18,53.5471534729004,357,65,323,65
"199",-96.735182,39.296463,12.2027082443237,12.9002084732056,31.264705657959,1034.39282226562,32.4799995422363,-8.78125,41.2612495422363,22.2123336791992,-1.0110000371933,24.6822490692139,-1.0110000371933,860,133,18,53.5471534729004,357,65,323,65
"200",-96.735182,39.296463,12.2027082443237,12.9002084732056,31.264705657959,1034.39282226562,32.4799995422363,-8.78125,41.2612495422363,22.2123336791992,-1.0110000371933,24.6822490692139,-1.0110000371933,860,133,18,53.5471534729004,357,65,323,65
"201",-96.571669,39.183608,12.2914171218872,12.7995414733887,31.0391616821289,1035.41760253906,32.4952507019043,-8.74149990081787,41.2367515563965,22.3011245727539,-0.940583288669586,24.7627506256104,-0.940583288669586,877,135,20,52.7972412109375,363,69,325,69
"202",-96.571669,39.183608,12.2914171218872,12.7995414733887,31.0391616821289,1035.41760253906,32.4952507019043,-8.74149990081787,41.2367515563965,22.3011245727539,-0.940583288669586,24.7627506256104,-0.940583288669586,877,135,20,52.7972412109375,363,69,325,69
"203",-96.735182,39.296463,12.2027082443237,12.9002084732056,31.264705657959,1034.39282226562,32.4799995422363,-8.78125,41.2612495422363,22.2123336791992,-1.0110000371933,24.6822490692139,-1.0110000371933,860,133,18,53.5471534729004,357,65,323,65
"204",-96.735182,39.296463,12.2027082443237,12.9002084732056,31.264705657959,1034.39282226562,32.4799995422363,-8.78125,41.2612495422363,22.2123336791992,-1.0110000371933,24.6822490692139,-1.0110000371933,860,133,18,53.5471534729004,357,65,323,65
"205",-96.735182,39.296463,12.2027082443237,12.9002084732056,31.264705657959,1034.39282226562,32.4799995422363,-8.78125,41.2612495422363,22.2123336791992,-1.0110000371933,24.6822490692139,-1.0110000371933,860,133,18,53.5471534729004,357,65,323,65
"206",-96.735182,39.296463,12.2027082443237,12.9002084732056,31.264705657959,1034.39282226562,32.4799995422363,-8.78125,41.2612495422363,22.2123336791992,-1.0110000371933,24.6822490692139,-1.0110000371933,860,133,18,53.5471534729004,357,65,323,65
"207",-79.71,34.02,17.1652488708496,13.2345418930054,40.8927879333496,730.731262207031,32.992000579834,0.628000020980835,32.3640022277832,25.9990825653076,12.8471660614014,25.9990825653076,7.92729187011719,1179,146,66,24.6505317687988,395,221,395,277
"208",-75.186566,40.058745,11.8861980438232,10.969687461853,31.1201229095459,904.398254394531,29.8500003814697,-5.39949989318848,35.2495002746582,22.2400417327881,0.586791634559631,22.910083770752,0.586791634559631,1144,113,73,12.5142850875854,322,252,314,252
"209",-75.186566,40.058745,11.8861980438232,10.969687461853,31.1201229095459,904.398254394531,29.8500003814697,-5.39949989318848,35.2495002746582,22.2400417327881,0.586791634559631,22.910083770752,0.586791634559631,1144,113,73,12.5142850875854,322,252,314,252
"210",-75.186566,40.058745,11.8861980438232,10.969687461853,31.1201229095459,904.398254394531,29.8500003814697,-5.39949989318848,35.2495002746582,22.2400417327881,0.586791634559631,22.910083770752,0.586791634559631,1144,113,73,12.5142850875854,322,252,314,252
"211",-75.186566,40.058745,11.8861980438232,10.969687461853,31.1201229095459,904.398254394531,29.8500003814697,-5.39949989318848,35.2495002746582,22.2400417327881,0.586791634559631,22.910083770752,0.586791634559631,1144,113,73,12.5142850875854,322,252,314,252
"212",-75.186566,40.058745,11.8861980438232,10.969687461853,31.1201229095459,904.398254394531,29.8500003814697,-5.39949989318848,35.2495002746582,22.2400417327881,0.586791634559631,22.910083770752,0.586791634559631,1144,113,73,12.5142850875854,322,252,314,252
"213",-75.186566,40.058745,11.8861980438232,10.969687461853,31.1201229095459,904.398254394531,29.8500003814697,-5.39949989318848,35.2495002746582,22.2400417327881,0.586791634559631,22.910083770752,0.586791634559631,1144,113,73,12.5142850875854,322,252,314,252
"214",-75.186566,40.058745,11.8861980438232,10.969687461853,31.1201229095459,904.398254394531,29.8500003814697,-5.39949989318848,35.2495002746582,22.2400417327881,0.586791634559631,22.910083770752,0.586791634559631,1144,113,73,12.5142850875854,322,252,314,252
"215",-75.186566,40.058745,11.8861980438232,10.969687461853,31.1201229095459,904.398254394531,29.8500003814697,-5.39949989318848,35.2495002746582,22.2400417327881,0.586791634559631,22.910083770752,0.586791634559631,1144,113,73,12.5142850875854,322,252,314,252
"216",-75.186566,40.058745,11.8861980438232,10.969687461853,31.1201229095459,904.398254394531,29.8500003814697,-5.39949989318848,35.2495002746582,22.2400417327881,0.586791634559631,22.910083770752,0.586791634559631,1144,113,73,12.5142850875854,322,252,314,252
"217",-75.186566,40.058745,11.8861980438232,10.969687461853,31.1201229095459,904.398254394531,29.8500003814697,-5.39949989318848,35.2495002746582,22.2400417327881,0.586791634559631,22.910083770752,0.586791634559631,1144,113,73,12.5142850875854,322,252,314,252
"218",-96.740749,32.829227,18.8535308837891,11.8071041107178,34.9007682800293,806.628845214844,35.3120002746582,1.4815000295639,33.8305015563965,22.955207824707,9.72729206085205,28.601375579834,8.67266654968262,937,129,50,30.2395725250244,315,174,200,175
"219",-90.197889,38.627273,13.303729057312,11.6645832061768,30.2626419067383,991.720031738281,32.1737480163574,-6.37074995040894,38.5444984436035,18.7697086334229,0.507708311080933,25.1193752288818,0.507708311080933,980,103,51,18.8558292388916,289,184,267,184
"220",-84.132946,39.611468,11.0570726394653,11.3950204849243,31.2119674682617,938.522583007812,29.3099994659424,-7.19850015640259,36.5084991455078,20.2682914733887,-0.976041615009308,22.2856254577637,-0.976041615009308,1020,114,61,19.5894241333008,312,199,289,199
"221",-84.132946,39.611468,11.0570726394653,11.3950204849243,31.2119674682617,938.522583007812,29.3099994659424,-7.19850015640259,36.5084991455078,20.2682914733887,-0.976041615009308,22.2856254577637,-0.976041615009308,1020,114,61,19.5894241333008,312,199,289,199
